565,0.2604,1.3301
6.0001e+05,0.36391,1.2494
2242,0.21382,1.2467
31,0.32296,1.2419
2214,0.37076,1.2132
2360,0.27386,1.2094
6.0016e+05,0.27657,1.2053
969,0.18864,1.1998
6.0037e+05,0.29871,1.1841
6.0082e+05,0.21536,1.1712
3.0031e+05,0.34476,1.1709
2330,0.412,1.1641
6.0033e+05,0.47032,1.1579
2460,0.34782,1.1516
671,0.60218,1.151
736,0.45369,1.1446
6.0017e+05,0.17874,1.1369
6.0123e+05,0.2257,1.1313
2355,0.18782,1.1306
6.0067e+05,0.21705,1.1198
2067,0.23473,1.1168
2085,0.27582,1.1007
839,0,1.0955
6.0023e+05,0.41291,1.0943
3.0023e+05,0,1.0899
6.0085e+05,0.29048,1.0872
2545,0.32485,1.0855
2700,0.34518,1.0813
6.0002e+05,0.34326,1.0732
2477,0.35358,1.0631
717,0.66462,1.059
6.0008e+05,0.29084,1.0576
2209,0.58219,1.055
2485,0.44871,1.0544
520,0.70546,1.0483
6.0055e+05,0.54143,1.0461
6.016e+05,0.08929,1.0455
2440,0.6533,1.0404
6.0025e+05,0.26449,1.0352
2117,0.62575,1.0331
3.0026e+05,0.26739,1.0273
6.0039e+05,0.30729,1.0247
2472,0.31314,1.0213
2080,0.2776,1.019
733,0,1.0182
2203,0.68529,1.0154
6.006e+05,0.78542,1.0141
3.0032e+05,0.24489,1.014
3.0025e+05,0.51115,1.0102
3.0034e+05,0.031093,1.0063
2120,0.61446,1.0055
2143,0.76226,1.0041
6.0004e+05,0.32596,1.004
2053,0.34187,1.0016
6.0023e+05,0.67637,0.99824
875,0.82033,0.99677
761,0.69172,0.99624
2623,0.31557,0.99305
28,0.27353,0.98712
6.0007e+05,0.31822,0.98052
3.0002e+05,0.6467,0.97906
6.0014e+05,0.43796,0.97681
3.0018e+05,0.24411,0.97443
503,0,0.97126
949,0,0.97016
3.0007e+05,0.69532,0.96893
6.0008e+05,0.48667,0.9681
2007,0.53314,0.9654
3.0007e+05,0.3619,0.96481
65,0,0.9643
2045,0.25438,0.96313
8,0.49656,0.96002
2206,0.32156,0.95924
2615,0.49732,0.95102
3.0021e+05,0,0.94737
3.0008e+05,0.6103,0.94501
6.0042e+05,0.51201,0.94269
6.0096e+05,0.25287,0.94073
4,0.39341,0.93949
2179,0.6757,0.93723
2469,0,0.93547
2246,0.31807,0.93512
6.0064e+05,0.3501,0.93362
2113,0,0.93205
663,0.01672,0.92962
513,0.39053,0.92764
6.0139e+05,0.63399,0.92738
2515,0,0.92575
3.0031e+05,0.38002,0.92573
6.0045e+05,0.2477,0.92565
2089,0.55011,0.92416
538,0.29051,0.91932
930,0.3238,0.91737
6.001e+05,0.44367,0.91518
2284,0.40901,0.91456
2312,0,0.9128
3.0012e+05,0.62659,0.9116
995,0.73134,0.91128
2194,0.23539,0.91037
416,1,0.90895
760,0.30304,0.90837
6.0065e+05,0.38704,0.90808
3.0013e+05,0.68729,0.90701
600,0.28087,0.90626
6.0097e+05,0.9946,0.90535
3.0028e+05,0.56061,0.90406
6.0027e+05,0,0.90299
3.0021e+05,0.23686,0.90064
2002,0.53479,0.89924
2381,0.31743,0.8978
2101,0.53407,0.89685
895,0.37702,0.89525
6.0004e+05,0.51644,0.89446
3.001e+05,0.32145,0.89387
3.002e+05,0.032694,0.89206
2305,0.25144,0.89176
2076,0.20324,0.8912
6.0377e+05,0.25836,0.89109
3.0007e+05,0.43866,0.89097
599,0,0.889
2262,0.34369,0.88779
3.0029e+05,0.93923,0.88577
2314,0.344,0.88373
2593,0.20173,0.88034
2358,0,0.87987
2598,0.5954,0.87963
720,1,0.87852
2349,1,0.87811
666,0.56763,0.87801
633,0.23916,0.87704
3.0004e+05,0.86119,0.87636
3.0012e+05,0.29281,0.87626
2499,0.29295,0.87581
687,0.058594,0.87466
3.0029e+05,0.67525,0.87392
2109,0.33643,0.87328
937,0,0.87254
6.0087e+05,0.29501,0.86999
6.0031e+05,0.25782,0.86973
6.0064e+05,0.62088,0.86953
809,0.12541,0.86938
3.0015e+05,0.3477,0.8683
3.0002e+05,0.27001,0.8679
3.0006e+05,0.25064,0.86724
2439,0.53712,0.86653
3.0009e+05,0.30942,0.86629
3.0016e+05,0.81793,0.86606
3.0007e+05,0.23213,0.86483
2569,0.27627,0.8633
2421,1,0.86286
6.0034e+05,0.65825,0.86227
2451,0.27071,0.86217
6.001e+05,0.32185,0.8605
568,0.54147,0.85711
2220,0.25318,0.85643
2020,0.27029,0.85597
2231,0.10613,0.8536
2275,0,0.85277
6.0016e+05,0.57466,0.84998
2671,0.098809,0.84697
6.0047e+05,0.57959,0.84481
3.0011e+05,0.55582,0.84388
6.0077e+05,0.15472,0.84263
795,0.28387,0.8419
6.0086e+05,0.27093,0.84091
3.0026e+05,0.2462,0.84028
6.0052e+05,0,0.83376
6.0054e+05,0.277,0.83149
6.004e+05,0.75925,0.83082
2631,0,0.83074
2590,0,0.82986
6.0099e+05,0.26431,0.82943
2456,0,0.82942
3.0002e+05,0,0.82848
6.0008e+05,0.58662,0.82684
6.0042e+05,0.23991,0.82642
2577,0,0.82429
6.0066e+05,0.70233,0.82356
6.0034e+05,0.2065,0.82242
418,0.74903,0.82084
2186,0.3775,0.82051
6.0189e+05,0.70153,0.82029
2611,0.57556,0.82008
2015,0.31768,0.81948
6.0074e+05,0,0.81899
2402,0,0.81794
400,0.23928,0.81782
6.0081e+05,0.5278,0.81741
2258,0.56164,0.817
2345,0.61821,0.81665
6.0057e+05,0.6108,0.81659
576,0.33382,0.81616
6.0017e+05,0.52769,0.81497
2325,0.16705,0.81065
3.0031e+05,0.21536,0.8091
2647,0.95264,0.80821
2551,0.28692,0.80529
6.0181e+05,0,0.80485
6.0081e+05,0.44067,0.8044
2504,0,0.8042
6.0007e+05,0.1797,0.80325
2213,0.31107,0.80198
3.0012e+05,0.63862,0.80171
2329,0.50066,0.80125
2322,0.59619,0.80027
6.0069e+05,0,0.79918
6.0049e+05,0.070826,0.79673
6.0048e+05,0.2858,0.79573
2651,0.577,0.7943
2343,0.70291,0.79423
6.0015e+05,0.59624,0.79369
532,0.51843,0.7932
6.0012e+05,0.12824,0.7891
6.0006e+05,0,0.78896
848,0.79988,0.78769
3.0006e+05,0.5425,0.78476
3.0025e+05,0.3172,0.78398
6.018e+05,0.32009,0.78352
6.0005e+05,0.51483,0.78278
6.0059e+05,0.10494,0.78219
6.002e+05,0.39388,0.78156
3.0009e+05,0,0.78041
6.0016e+05,0.017433,0.78036
721,0.33171,0.77991
6.0011e+05,0.25703,0.7789
6.0113e+05,0.24862,0.77811
2380,0.57223,0.77747
3.002e+05,0.33619,0.77704
2295,0.55071,0.77677
2368,0.31598,0.77517
6.0089e+05,0.28244,0.77391
2660,0.66276,0.77315
401,0.35476,0.77309
6.0042e+05,0.54003,0.77186
3.003e+05,0.6962,0.77167
2463,0,0.7716
6.0163e+05,0.55643,0.77126
6.0049e+05,0.61354,0.76357
6.017e+05,0.2627,0.76219
6.0021e+05,0.30903,0.76179
2686,0.24267,0.76079
547,0.26483,0.75987
738,0.64444,0.75957
737,0.30567,0.75899
6.0026e+05,0.21699,0.75803
2252,0,0.75656
825,0.56955,0.75625
2662,0.54301,0.75615
6.005e+05,0.083629,0.75327
2174,0.13607,0.75282
2212,0.96074,0.75209
2431,0.53376,0.7516
3.0036e+05,0,0.75066
6.0025e+05,0.3631,0.75031
6.0035e+05,0.37367,0.75
3.0005e+05,0.30722,0.74867
3.0014e+05,0.63642,0.74774
631,0.66305,0.74676
571,0.17171,0.74629
6.0029e+05,0,0.7461
2155,0.35602,0.74524
920,0.52992,0.74491
6.0079e+05,0.28684,0.74478
6.017e+05,0.29782,0.74367
2224,0,0.74304
2075,0.19903,0.74289
2669,0.25813,0.74275
6.0042e+05,0.22822,0.74262
3.0013e+05,0.28447,0.74052
975,0.26113,0.74005
3.0022e+05,0.28892,0.73998
710,0.6234,0.73847
6.0077e+05,0.69681,0.73689
2357,0.2575,0.73676
2354,0.30563,0.73648
6.001e+05,0.5117,0.7361
2493,0.33158,0.73428
6.0028e+05,0.60229,0.73252
3.0021e+05,0.62901,0.73237
6.0006e+05,0.55701,0.73231
838,0.26784,0.73216
2025,0.35392,0.73181
3.001e+05,0.26262,0.73006
2227,0.68088,0.72937
3.002e+05,0.15654,0.72861
422,0.67133,0.72514
826,0,0.72409
3.0009e+05,0.66526,0.72343
2620,0.55388,0.72333
3.0016e+05,0.20539,0.72324
782,0,0.72123
6.0011e+05,0.67119,0.71918
3.0023e+05,0,0.71757
6.0072e+05,0.28894,0.71698
2065,0.53061,0.71653
2105,0.28386,0.71568
3.0024e+05,0.34162,0.71408
6.0008e+05,0.20359,0.71334
3e+05,0.28963,0.71085
6.0026e+05,0.70433,0.71079
2664,0.55116,0.70982
25,0.30863,0.70957
6.003e+05,0,0.70872
3.0011e+05,0,0.70812
3.0029e+05,0.32115,0.7076
2272,0.55342,0.70741
2243,0.70494,0.7072
6.0036e+05,0.57903,0.70686
6.0079e+05,0.34626,0.70684
6.0098e+05,0,0.70572
6.008e+05,0.043859,0.70464
2229,0,0.70347
6.0062e+05,0.2785,0.70333
2106,0.55926,0.70271
2483,0.48351,0.70165
2318,0.58081,0.70163
586,0.68032,0.70134
6.011e+05,0.39182,0.70099
3.0015e+05,0.2774,0.70041
6.0081e+05,0.65978,0.69715
6.0034e+05,0.28154,0.69549
6e+05,0.29014,0.69527
6.0036e+05,0.51476,0.69489
6.0099e+05,0.30701,0.69408
6.0078e+05,0.31179,0.69399
6.0006e+05,0,0.69258
537,0.21205,0.69246
2562,0.10507,0.68967
2697,0.65371,0.68958
2490,0.29772,0.68939
3.0002e+05,0.55575,0.68934
3.0028e+05,0.18967,0.68816
2446,0.31793,0.68737
6.0021e+05,0,0.68686
19,0.20227,0.68647
2094,0,0.68385
511,0.58727,0.68356
30,0.66172,0.67944
6.004e+05,0,0.67842
6.0073e+05,0.087775,0.67787
3.0008e+05,0.30008,0.67729
2028,0,0.67665
6.0056e+05,0.29947,0.6764
2118,0.25608,0.67593
3.0018e+05,0.30206,0.67432
6.0072e+05,0.26175,0.67394
6.0057e+05,0.078907,0.67078
6.0071e+05,0.62377,0.67067
27,0.23117,0.66999
682,0.24932,0.66976
2134,0.59115,0.66873
6.0067e+05,0.18122,0.66782
2625,1,0.66628
3.003e+05,0.15632,0.66622
2297,0.32137,0.66429
2277,0.40094,0.66422
2219,0.32636,0.66243
983,0.31729,0.66138
2481,0.34108,0.65971
2599,0.31539,0.65903
6.0019e+05,0.58214,0.65889
2301,0.60005,0.65764
2124,0,0.65627
6.0034e+05,0.21106,0.65623
2215,0,0.65597
833,0.30566,0.65559
6.0036e+05,0.34032,0.65479
630,0.65091,0.65434
6.0022e+05,0.80495,0.65231
6.0053e+05,0.57415,0.65226
6.0012e+05,0,0.6488
6.0162e+05,0.29079,0.64759
3.0034e+05,0.18952,0.64642
6.0098e+05,0.50246,0.64624
6.0029e+05,0.23165,0.64621
559,0.59628,0.64597
2616,0.50538,0.64542
2425,0.43764,0.64467
609,0.12904,0.64399
6.0065e+05,0.51319,0.6403
2522,0,0.63968
6.0031e+05,0.27616,0.63959
6.0015e+05,0.33792,0.63861
6.0076e+05,0.247,0.63808
2566,0.7309,0.63637
2393,0,0.63572
3.0031e+05,0.5381,0.63516
2313,0.24176,0.63316
6.0028e+05,0.59487,0.63151
2031,0.23341,0.63076
6.0026e+05,0.84446,0.63075
662,0.25113,0.63042
2292,0.5158,0.62863
6.0055e+05,0.60429,0.62833
2033,0.29254,0.62745
90,0.5626,0.6257
402,0.57911,0.62519
6.0308e+05,0.72496,0.62365
2286,0.03171,0.62321
2082,0.23026,0.62211
598,0.2265,0.62118
828,0.32095,0.62021
2387,0.3402,0.61988
2618,0.23303,0.61974
2126,0.48976,0.61926
2087,0.23358,0.61886
2138,0.46681,0.61803
543,0.24465,0.61539
2688,0.52561,0.61499
6.0037e+05,0.26375,0.61451
3.0032e+05,0.58364,0.61277
755,0.22568,0.61205
2147,0.54674,0.61186
2450,0.20265,0.6081
14,0.2621,0.60689
756,0.19692,0.60592
6.0075e+05,0.64481,0.60395
913,0.55238,0.60288
752,0.60188,0.60279
868,0.20138,0.60251
862,0.58416,0.59993
6.0076e+05,0.57688,0.59993
856,0.29201,0.59918
3.0017e+05,0.18773,0.5988
2315,0.63929,0.59775
3.0019e+05,0.27419,0.59698
2024,0,0.59685
6.0048e+05,0.23238,0.59609
6.0056e+05,0.49753,0.59544
35,0,0.59525
2310,0.25629,0.59445
2410,0.59221,0.59399
6.0016e+05,0.27892,0.59392
6.0024e+05,0.31146,0.59392
2445,0,0.59387
3.0035e+05,0.22817,0.59351
2443,0.5733,0.59294
6.0059e+05,0.38657,0.59273
6.0086e+05,0.18215,0.5921
2583,0.11871,0.59203
566,0.23169,0.59192
716,0.50902,0.59175
6.0074e+05,0.3006,0.59137
3.0016e+05,0.22671,0.5904
6.0156e+05,0.83826,0.5902
2585,0.25305,0.59012
2223,0.55295,0.58799
6.0193e+05,0.2964,0.58781
66,0.26099,0.58756
3.0035e+05,0.48113,0.58749
3.0015e+05,0.3157,0.58726
6.0057e+05,0.52973,0.58528
6.0066e+05,0.30174,0.58446
6.0075e+05,0,0.58349
2006,0.20612,0.58257
2698,0.62115,0.58147
2374,0.23314,0.58099
3.0004e+05,0.6647,0.57971
2238,0.53497,0.57864
2103,0.23034,0.57842
6.0097e+05,0.64808,0.57712
651,0.29256,0.57622
3.002e+05,0.25689,0.57608
6.0059e+05,0.33715,0.57581
6.0053e+05,0.44959,0.57243
735,0.24919,0.56741
3.0016e+05,0.24939,0.56651
6.0018e+05,0.57933,0.56537
837,0.25563,0.56476
6.03e+05,0.32895,0.56138
6.0032e+05,0.45987,0.56107
607,0.62069,0.56027
788,0.4621,0.55975
2455,0.27434,0.55942
6.0072e+05,0.23674,0.55906
6.008e+05,0.27493,0.55647
6.0163e+05,0.30192,0.55482
6.0098e+05,0.57859,0.55467
2149,0.62043,0.55339
6.0049e+05,0.22675,0.5498
2365,0.55426,0.54927
6.0189e+05,0.22289,0.54789
6.0002e+05,0.30644,0.54764
3.0017e+05,0.24802,0.5459
6.0037e+05,0.42677,0.5455
29,0.52586,0.54489
6.0054e+05,0.34091,0.54342
2489,0.60503,0.54038
3.0024e+05,0.29228,0.53927
6.0079e+05,0.33736,0.53619
6.0085e+05,0.34263,0.5355
2260,0.20966,0.53534
2409,0.2829,0.53528
911,0.52686,0.53342
6.0039e+05,0.81187,0.53272
2189,0.50923,0.53154
6.0016e+05,0.62742,0.53134
6.0075e+05,0.21291,0.52932
6.0005e+05,0.56122,0.52869
3.0011e+05,0.57527,0.52845
3.0025e+05,0.55754,0.52661
2241,0.71123,0.52583
3.0026e+05,0.65346,0.5254
6.0061e+05,0.18733,0.52486
3.0007e+05,0.2278,0.52408
2017,0.30659,0.5233
2263,0,0.52265
2394,0,0.52144
6.0001e+05,0.33022,0.52136
6.0078e+05,0.58196,0.52033
6.0085e+05,0.31129,0.5185
6.0069e+05,0.33077,0.51831
6.0047e+05,0.52448,0.51829
6.0088e+05,0.52334,0.51741
3.0009e+05,0,0.51702
3.0035e+05,0.039894,0.51582
3.0025e+05,0.60541,0.51566
923,0.28255,0.5137
6.0043e+05,0.35565,0.51284
727,0.018283,0.51258
6.0055e+05,0.34679,0.51254
6.0074e+05,0.8388,0.51134
3.0028e+05,0.60212,0.51045
3.0007e+05,0.58328,0.50996
753,0.61709,0.5093
6.0063e+05,0.33896,0.50837
700,0,0.50704
3.0033e+05,0.19306,0.50643
6.005e+05,0.24275,0.50627
6,0.23934,0.50435
751,0.55121,0.50413
6.0011e+05,0.527,0.50371
669,0.39248,0.50261
2677,0.24544,0.5023
2352,0.52813,0.50196
419,0.033195,0.50194
6.0054e+05,0.24445,0.50126
70,0.22516,0.50002
6.002e+05,0.37188,0.49766
2453,0.53154,0.49755
726,0.60001,0.49724
925,0.19013,0.49653
2461,0.78965,0.49586
926,0.007662,0.49402
661,0.33391,0.49349
2603,0.53233,0.49294
6.0301e+05,0.57084,0.48963
3.0003e+05,0.82405,0.48873
6.003e+05,0.27332,0.48801
6.0088e+05,0.23137,0.48776
548,0.62094,0.48764
3.0015e+05,0.51351,0.48707
950,0.70355,0.48655
6.0003e+05,0.8412,0.48431
99,0.53039,0.48394
6.0038e+05,0.33857,0.48345
2473,0.30334,0.48341
563,0.48383,0.48268
6.0008e+05,0.22524,0.48244
553,0.62565,0.48173
3.0014e+05,0.60878,0.48083
3.0015e+05,0.63007,0.48073
3.0024e+05,0.84765,0.47864
2596,0.27826,0.47567
6.0086e+05,0,0.4753
6.0035e+05,0.66911,0.47479
6.0101e+05,0.28983,0.47478
6.0050e+05,0.24719,0.47475
999,0.21834,0.47273
6.0061e+05,0.38207,0.47239
2077,0,0.47234
6.0027e+05,0.27807,0.47231
799,0.23341,0.47227
6e+05,0.50125,0.47222
6.0005e+05,0.22703,0.47173
6.0034e+05,0.53334,0.47146
932,0.25793,0.47137
3.0024e+05,0.26331,0.46981
3.0034e+05,0.62329,0.46973
6.0017e+05,0.50056,0.46927
12,0.040812,0.46866
6.0077e+05,0.2312,0.468
2279,0.54188,0.46777
2475,0.27433,0.46683
2202,0.54068,0.46667
6.0061e+05,0.33372,0.46638
906,0.20214,0.46598
6.0083e+05,0.50403,0.46494
2441,0.3641,0.46316
3.0005e+05,0.59947,0.463
652,0.19897,0.46249
6.0127e+05,0.60935,0.46223
544,0.60258,0.46197
637,0.50916,0.46164
802,0.56522,0.4612
6.0054e+05,0.14731,0.45979
6.0031e+05,0.28371,0.45898
2607,0.22684,0.45813
3.0013e+05,0.55472,0.45809
517,0.44413,0.45738
3.0021e+05,0.28037,0.45613
3.0022e+05,0.32403,0.45573
6.0084e+05,0.56024,0.45562
2634,0.57006,0.45498
2604,0.1796,0.45361
2649,0.27425,0.45343
6.0013e+05,0.54882,0.45342
46,0.54888,0.45317
6.0078e+05,0.23872,0.4522
612,0.29299,0.45125
3.0035e+05,0.27937,0.45084
613,0.34598,0.45076
2474,0.25294,0.44854
2436,0.64765,0.44775
2546,0.53346,0.4463
6.0033e+05,0.54916,0.44575
632,0.21008,0.4455
6.0012e+05,0.66488,0.44542
2500,0.20897,0.44157
6.006e+05,0.59715,0.44113
889,0.60751,0.44105
2592,0.87434,0.43988
158,0.22194,0.4398
6.0047e+05,0.23189,0.43923
6.0054e+05,0,0.43848
3.0001e+05,0.71004,0.4379
6.0036e+05,0.25664,0.43747
3.0015e+05,0.44462,0.43735
3.0016e+05,0.22426,0.43665
6.0026e+05,0.27267,0.43638
6.0035e+05,0.54032,0.43588
2508,0.31342,0.43454
6.0058e+05,0.24277,0.43434
6.0012e+05,0.83357,0.4341
6.0046e+05,0.36751,0.4332
6.0059e+05,0.26161,0.43218
6.01e+05,0.33988,0.43181
6.0044e+05,0.61104,0.4303
2306,0.74048,0.43028
836,0.53312,0.42963
6.0078e+05,0.84855,0.42951
6.002e+05,0.16741,0.42775
6.0052e+05,0.24677,0.42757
409,0.21922,0.42591
715,0.49528,0.42554
2150,0.24109,0.42505
2701,0.52494,0.42488
6.0066e+05,0.14909,0.42418
2073,0.5274,0.42394
6.001e+05,0.52226,0.42219
3.0015e+05,0.48969,0.42197
6.0119e+05,0.24815,0.42178
2580,0.68653,0.42056
6.0048e+05,0.52036,0.4194
3.0018e+05,0.1838,0.41818
6.0089e+05,0.54661,0.41768
2187,0.2622,0.41698
3.0017e+05,0.55629,0.41678
6.0012e+05,0.3944,0.41575
3.0014e+05,0.32501,0.41562
2175,0.51234,0.41388
3.0019e+05,0.59042,0.41146
6.0011e+05,0.62302,0.41072
528,0.2003,0.4103
6.0039e+05,0.27708,0.40803
3.0007e+05,0.19412,0.40691
2612,0.35725,0.40547
56,0,0.40518
791,0.26417,0.40358
2526,0.31294,0.40241
153,0.27481,0.40221
6.0012e+05,0.30057,0.40177
6.0055e+05,0.29391,0.40099
6.0084e+05,0.29747,0.40018
6.0064e+05,0,0.39976
639,0.51511,0.3994
2204,0.27734,0.39923
739,0.29945,0.39911
6.0072e+05,0.49191,0.39885
6.012e+05,0.26146,0.39701
6.0024e+05,0.59264,0.3946
3.0024e+05,0.68893,0.39374
6.0051e+05,0.55812,0.39306
2334,0.50853,0.39141
3.0001e+05,0.29131,0.39034
6.0011e+05,0.8343,0.39028
6.0062e+05,0.57287,0.38981
6.0088e+05,0.31685,0.38932
2081,0.45999,0.38584
2535,0.60699,0.38572
6.0018e+05,0.36043,0.38549
6.0167e+05,0.66811,0.38453
3.0017e+05,0.31168,0.38446
6.0077e+05,0.5595,0.38418
6.0036e+05,0.30162,0.38371
6.0025e+05,0.27822,0.38317
3.0014e+05,0.5235,0.38266
3.0008e+05,0.17478,0.38176
6.002e+05,0.25375,0.38101
3.0005e+05,0.53166,0.37909
835,0.39131,0.37829
3.0024e+05,0.52655,0.37773
561,0.26843,0.37737
2,0.36674,0.37586
6.0025e+05,0.74533,0.37484
6.0068e+05,0.78534,0.37476
616,0.29901,0.37407
768,0.59471,0.37362
6.0036e+05,0.87255,0.37324
987,0.29935,0.37252
6.0114e+05,0.53428,0.37241
6.0098e+05,0.18306,0.37239
6.0024e+05,0.29245,0.3718
6.0057e+05,0.66387,0.37142
6.0112e+05,0,0.37128
801,0.81877,0.37084
6.0016e+05,0.58142,0.37077
2591,0.2958,0.37023
6.01e+05,0.74879,0.36888
6.0061e+05,0.24153,0.36772
2676,0.48055,0.36771
2383,0.55407,0.36714
2514,0.5301,0.36697
3.0003e+05,0.33794,0.3669
2379,0.66804,0.36649
6.0014e+05,0.23328,0.36622
2524,0.32358,0.36591
573,0.55213,0.3656
2216,0.26175,0.36433
6.0064e+05,0.52901,0.36387
2178,0.52416,0.36379
6.0002e+05,0.50698,0.36225
615,0.62851,0.36135
531,0.25891,0.36133
6.0087e+05,0.50581,0.36024
2637,0.62829,0.35949
6.0046e+05,0.52659,0.35816
3.0012e+05,0.46945,0.35782
581,0.79483,0.35729
6.011e+05,0.52204,0.35586
2691,0.56002,0.35545
6.0054e+05,0.26099,0.35524
2547,0,0.35519
798,0.20898,0.35494
6.0019e+05,0.57445,0.35337
3.0031e+05,0.24339,0.35195
6.0042e+05,0.46624,0.35167
6.0017e+05,0.36339,0.34846
6.0018e+05,0.26496,0.34745
6.0035e+05,0.80427,0.34715
695,0.5564,0.34705
6.0076e+05,0.44441,0.34691
3.0016e+05,0.53898,0.34546
6.0013e+05,0.52979,0.34542
6.0099e+05,0.37195,0.3454
2573,0.24045,0.34539
6.0063e+05,0.29753,0.34527
6.0086e+05,0.34038,0.3446
887,0.60898,0.3424
2208,0.30636,0.34199
2249,0.31313,0.34101
6.0059e+05,0.22234,0.34043
6.019e+05,0.67017,0.34011
2339,0.77209,0.33981
6.0022e+05,0.27444,0.338
6.0064e+05,0.16581,0.33759
6.0312e+05,0.22502,0.33616
11,0.28612,0.33544
2399,0.21273,0.33488
6.0068e+05,0.39601,0.33468
6.0098e+05,0.1915,0.33458
3.0019e+05,0.67399,0.33433
2554,0.59256,0.3342
2034,0.62893,0.33328
6.02e+05,0.30237,0.33317
6.0003e+05,0,0.33294
570,0.2772,0.33285
793,0.26288,0.33155
6.0088e+05,0.53673,0.33132
6.0066e+05,0.18961,0.33128
2079,0.26142,0.33058
45,0.35136,0.33004
6.0052e+05,0.61984,0.32984
6.0045e+05,0.26532,0.3293
3.0001e+05,0.58264,0.32799
2519,0,0.32758
6.034e+05,0.58205,0.32656
6.0072e+05,0.50026,0.32642
6.0034e+05,0.34669,0.32588
2346,0.2489,0.32557
6.0089e+05,0.63557,0.32553
3.0007e+05,0.56062,0.32548
6.0068e+05,0,0.32488
3.0006e+05,0.7926,0.32482
6.0022e+05,0.54367,0.32387
2320,0.23912,0.32281
6.002e+05,0.61714,0.32104
2375,0.253,0.32042
6.0073e+05,0.26942,0.32006
6.0014e+05,0.25877,0.31778
851,0.24683,0.31776
3.0034e+05,0.24398,0.31772
6.0156e+05,0.24964,0.31753
6.0056e+05,0.1947,0.31725
6.0016e+05,0.34969,0.31671
789,0.55,0.31634
6.0088e+05,0.27844,0.31608
6.0003e+05,0.27988,0.31525
6.0037e+05,0.51687,0.31502
2549,0.29069,0.31421
6.0037e+05,0.36001,0.31404
722,0.55972,0.3132
6.0117e+05,0.30468,0.31268
713,0.62546,0.31268
404,0.62019,0.3118
2180,0.27367,0.31078
6.0079e+05,0.87546,0.31016
2298,0.24987,0.30974
6.0038e+05,0.58225,0.30888
916,0.22358,0.30842
2659,0.63863,0.30678
6.0076e+05,0.50783,0.30489
6.0065e+05,0.21383,0.30438
6.0169e+05,0.54704,0.30208
3.0023e+05,0.33081,0.30172
819,0.21601,0.30111
6.0041e+05,0.51611,0.3002
6.0011e+05,0.2742,0.29916
2099,0.31313,0.29884
6.0019e+05,0.25771,0.29833
3.0005e+05,0.17552,0.29761
6.0082e+05,0.25223,0.29746
3.0004e+05,0.46939,0.29478
3.0012e+05,0.59258,0.29464
529,0.28217,0.29413
2197,0.64488,0.29405
3.0034e+05,0.18402,0.29402
37,0.581,0.29393
2261,0.19474,0.29319
2411,0.31642,0.28999
2335,0.58933,0.28954
6.0009e+05,0.80299,0.2891
3.0028e+05,0.52535,0.28881
6.0187e+05,0.86242,0.28768
6.0022e+05,0.2777,0.28703
2642,0,0.28678
6.0073e+05,0.56211,0.28638
2035,0.28962,0.28475
685,0.47939,0.28448
6.0013e+05,0.60745,0.28367
2047,0.34512,0.28361
6.0059e+05,0.57353,0.28324
2247,0.2208,0.28284
6.0008e+05,0.13749,0.28238
6.0071e+05,0.24925,0.2817
408,0.53259,0.28062
3.0012e+05,0.19451,0.27979
6.0028e+05,0.83153,0.27927
3.0009e+05,0.51145,0.27789
3.0032e+05,0.55602,0.27733
2169,0.84607,0.27677
2683,0.20821,0.27607
2588,0.57676,0.27546
6.0083e+05,0.3009,0.27473
3.0004e+05,0.59485,0.27472
2168,0.5657,0.27185
6.018e+05,0.55241,0.27172
3.0027e+05,0.09069,0.27142
893,0.57916,0.27105
2097,0.50354,0.27061
3.0018e+05,0.33635,0.27001
973,0.3403,0.26916
2003,0.63543,0.26762
6.0062e+05,0.49283,0.2668
3.0028e+05,0.69811,0.26627
3.0032e+05,0.21747,0.26599
572,0,0.26521
6.0043e+05,0.23854,0.26402
551,0.24688,0.26337
711,0.76992,0.26323
6.011e+05,0.62594,0.26261
6.0062e+05,0.58268,0.26123
2210,0.44996,0.2611
3.0002e+05,0,0.26052
980,0.27299,0.25909
519,0.22434,0.25892
2424,0.54016,0.25812
2107,0.76954,0.25662
6.0055e+05,0.19049,0.25578
6.0097e+05,0.50709,0.2546
6.0096e+05,0.8499,0.2545
869,0.5054,0.25402
2382,0.29886,0.25383
2666,0.54833,0.25281
6.0084e+05,0.5236,0.2511
564,0.55811,0.25105
2582,0.69416,0.25032
6.0051e+05,0.29885,0.2498
6.0014e+05,0.2892,0.24918
6.0023e+05,0.56669,0.24818
6.0085e+05,0.2739,0.24544
3.0015e+05,0.21289,0.24536
3.0017e+05,0.32189,0.24504
6.0098e+05,0.56852,0.24502
6.0088e+05,0.69404,0.24388
6.0076e+05,0.58298,0.24367
6.0196e+05,0.91137,0.24263
2093,0.62081,0.24259
2465,0.19922,0.24211
6.0098e+05,0.20509,0.24132
6.007e+05,0.25488,0.24036
3.0002e+05,0.49366,0.23887
6.0006e+05,0.57628,0.23762
3.0023e+05,0.68752,0.2358
3.0023e+05,0.539,0.23452
6.0068e+05,0.53776,0.23427
3.0012e+05,0.53388,0.23336
6.0096e+05,0.28425,0.23215
2185,0.53207,0.23136
2190,0.18379,0.23118
6.0023e+05,0.64228,0.23104
2211,0.66665,0.23051
6.0088e+05,0.35908,0.23033
6.011e+05,0.19245,0.22928
2621,0.52693,0.22922
3.0002e+05,0.26249,0.22772
779,0.71487,0.22716
2022,0.8796,0.22654
6.0058e+05,0.5185,0.22552
971,0.28825,0.22462
3.0028e+05,0.48292,0.22449
6.0164e+05,0.5229,0.22442
6.0012e+05,0.59091,0.2244
2563,0.46556,0.22431
2492,0.561,0.22401
3.0008e+05,0.468,0.2238
3.0025e+05,0.56117,0.22267
665,0.37802,0.22202
3.0019e+05,0.52651,0.222
3.0021e+05,0.62514,0.2211
6.0077e+05,0.23299,0.21945
6.0027e+05,0.62576,0.21918
3.0026e+05,0.2258,0.21904
908,0.60702,0.21824
6.0012e+05,0.05526,0.21796
6.0008e+05,0.51027,0.21754
2416,0.55676,0.21196
6.0111e+05,0.27843,0.21173
6.0079e+05,0.6287,0.21059
627,0.80743,0.20982
6.0101e+05,0.33344,0.20938
6.0009e+05,0.19425,0.20818
6.005e+05,0.28638,0.20774
3.002e+05,0.64421,0.20736
970,0.19644,0.2073
6.0075e+05,0.54473,0.20705
6.003e+05,0.18999,0.20701
3.0004e+05,0.41348,0.20477
6.0028e+05,0.51183,0.20417
6.0086e+05,0.23968,0.20391
6.0168e+05,0.57158,0.20322
2004,0.25315,0.20298
2038,0.34573,0.20261
2496,0.26429,0.20125
6.0022e+05,0.61948,0.20081
2462,0.26252,0.20069
6.0076e+05,0.52253,0.19956
2654,0.80861,0.19871
6.0022e+05,0.53076,0.19732
6.0099e+05,0.34925,0.19706
6.0055e+05,0.54424,0.19664
2537,0.3674,0.19659
3.0006e+05,0.23422,0.19638
2287,0.8113,0.19594
6.0114e+05,0.32754,0.19563
6.0060e+05,0.25925,0.19547
2158,0.82499,0.19539
2444,0.1812,0.19518
3.0022e+05,0.59724,0.19512
6.0074e+05,0.55914,0.19462
6.0039e+05,0.29243,0.19403
2336,0.40067,0.19344
3.0018e+05,0.53884,0.19324
955,0.34773,0.19255
6.0066e+05,0.46813,0.19123
3.0026e+05,0.6767,0.19045
6.0076e+05,0.66981,0.18954
898,0.57653,0.18923
2291,0.59806,0.18891
961,0.33543,0.18765
2670,0.23456,0.18637
3.0004e+05,0.34552,0.18582
2068,0.20849,0.18581
6.0080e+05,0.42792,0.18562
2497,0.59371,0.18457
17,0.54943,0.18447
6.001e+05,0.24446,0.1837
2276,0.54638,0.18286
2092,0.54201,0.18199
6.0086e+05,0.53165,0.18032
2095,0.51294,0.17899
2657,0.53348,0.17813
2014,0.47133,0.17798
2673,0.55793,0.17794
6.0132e+05,0.24391,0.17648
6.0087e+05,0.41159,0.17634
3.0005e+05,0.51838,0.17517
2406,0.51481,0.17503
2373,0.65608,0.17465
935,0.77549,0.17325
2695,0.61497,0.17318
63,0.51546,0.17294
49,0.9062,0.17133
3.0024e+05,0.55211,0.17108
3.0006e+05,0.61809,0.17063
6.0028e+05,0.40582,0.16967
6.0021e+05,0.68591,0.16948
3.0028e+05,0.53095,0.16919
2225,0.23479,0.16851
6.008e+05,0.22521,0.16833
2589,0.33185,0.16774
2327,0.759,0.16587
425,0.57568,0.16579
6.0101e+05,0.54187,0.1655
3.0004e+05,0.56693,0.16476
541,0.61125,0.16338
2069,0.55606,0.16213
2063,0.55873,0.16181
6.0031e+05,0.29298,0.16162
6.0082e+05,0.51726,0.15977
2614,0.60202,0.15874
2652,0.23552,0.15594
767,0.54912,0.15573
2235,0.25794,0.15462
2449,0.21725,0.15424
6.0021e+05,0,0.15379
6.0083e+05,0.852,0.15368
2505,0.30152,0.15338
2396,0.48378,0.15235
2199,0.53303,0.15195
2632,0.25577,0.15158
3.0018e+05,0.24163,0.15135
3.0013e+05,0.56284,0.14847
428,0.2518,0.14705
2536,0.60138,0.14489
2653,0,0.14379
6.0007e+05,0.24658,0.14301
750,0.57526,0.14023
6.0018e+05,0.55681,0.13922
6.0172e+05,0.27995,0.13799
6.0011e+05,0.35105,0.13794
6.0024e+05,0.52517,0.13754
421,0.83005,0.13672
6.0014e+05,0.50687,0.13564
2511,0.55774,0.13534
785,0,0.13405
861,0.46996,0.13391
3.0034e+05,0.87882,0.13297
3.0027e+05,0.53075,0.13285
6.0066e+05,0.62081,0.13208
2001,0.57456,0.13199
2447,0.68193,0.13055
3.0018e+05,0.61968,0.13012
2540,0,0.1296
2626,0.6536,0.12863
2316,0.25764,0.12842
2528,0.53719,0.12769
6.0032e+05,0.61197,0.12698
2010,0.65899,0.12546
6.0199e+05,0.21529,0.12452
3.0001e+05,0.52926,0.1242
3.0033e+05,0.25391,0.12379
6.0191e+05,0.38197,0.12368
488,0.24026,0.12301
521,0.57428,0.12231
6.0019e+05,0.8327,0.12199
2154,0.27245,0.12184
910,0.31506,0.12077
6.003e+05,0.54407,0.12008
3.0002e+05,0.2094,0.11964
6.0028e+05,0.35692,0.11961
6.0168e+05,0.23163,0.11933
6.0157e+05,0.3648,0.11864
3.0001e+05,0.84949,0.11862
3.0025e+05,0.25258,0.11794
803,0.84553,0.11759
2544,0.50011,0.11709
2088,0.22393,0.117
668,0.82335,0.11611
2011,0.60945,0.11497
2568,0.86981,0.11481
2294,0.57088,0.11458
2435,0.23907,0.11403
62,0.25424,0.11386
6.0188e+05,0.28865,0.11367
2624,0.45895,0.11343
2133,0.58303,0.11305
2144,0.54124,0.11254
3.0027e+05,0.28795,0.11233
6.0013e+05,0.76369,0.1118
6.0040e+05,0.73215,0.10947
2303,0.65278,0.10907
655,0.85671,0.10893
2084,0.49711,0.10888
407,0.57496,0.1085
6.0048e+05,0.54528,0.10735
3.0018e+05,0.26472,0.1071
6.0117e+05,0.33786,0.10664
2056,0.48728,0.10516
6.0037e+05,0.85893,0.10516
6.0014e+05,0.28475,0.10503
2072,0.2314,0.10403
705,0.18231,0.10312
301,0.27724,0.10236
6.0102e+05,0.27839,0.10186
993,0.58492,0.10035
6.0152e+05,0.56677,0.1
2167,0.24991,0.099959
6.0027e+05,0.23477,0.097324
3.0029e+05,0.50793,0.097194
6.0159e+05,0.53631,0.097132
2023,0.49198,0.096465
783,0.6446,0.096316
2195,0.19817,0.0953
2307,0.5594,0.095157
6.0052e+05,0.28035,0.094916
506,0.6541,0.093545
2064,0.49862,0.092962
2153,0.2557,0.092685
2619,0.20612,0.091985
2019,0.31749,0.091681
2332,0.54121,0.09133
3.0032e+05,0.46498,0.089386
2350,0.55366,0.088582
829,0.20855,0.088462
6.0086e+05,0.58644,0.087918
6.0035e+05,0.51197,0.087596
2309,0.56001,0.086803
415,0.19104,0.086333
2507,0.51823,0.08349
6.0007e+05,0.51492,0.082495
6.009e+05,0.4861,0.081074
766,0.88577,0.080703
2331,0.55077,0.079219
2581,0.48592,0.078577
6.0074e+05,0.2949,0.078512
6.0047e+05,0.28209,0.077652
2693,0.5262,0.077351
2479,0.29296,0.077097
6.0013e+05,0.56643,0.077013
6.004e+05,1,0.076557
6.0046e+05,0.20378,0.075397
2392,0.23373,0.074604
921,0.22608,0.071977
3.0027e+05,0.1781,0.069662
587,0.81788,0.069276
629,0.21656,0.068357
2570,0.64144,0.067688
6.0006e+05,0.53031,0.067621
6.0037e+05,0.60494,0.067277
2667,0.32527,0.065278
2288,1,0.064708
2361,0.67601,0.064268
6.0017e+05,0.47262,0.063173
6.0023e+05,0.2725,0.062026
2534,0.35532,0.061731
6.0081e+05,0.28026,0.061511
6.0068e+05,0.60096,0.058941
2692,0.56308,0.058912
3.0008e+05,0.24116,0.057347
2613,0.51385,0.057303
2532,0.82868,0.056894
6.0078e+05,0.46993,0.056588
2333,0.53131,0.056494
6.006e+05,0.38108,0.056208
822,0.54584,0.05506
6.005e+05,0.51826,0.05501
6.0021e+05,0.29361,0.054879
6.0122e+05,0.25602,0.054427
6.0053e+05,0.3511,0.053326
2398,0.21779,0.049065
6.0013e+05,0.53,0.046753
6.0056e+05,0.45422,0.046438
3.001e+05,0.58712,0.045798
3.0011e+05,0.67109,0.045772
58,0.25474,0.044449
2347,0.26979,0.044214
6.0074e+05,0.50162,0.04218
6.0034e+05,0.8468,0.04058
6.009e+05,0.60086,0.040218
3.0013e+05,0.50201,0.039259
2353,0.459,0.038554
6.0007e+05,0.28758,0.038553
6.003e+05,0,0.036845
6.0051e+05,0.5534,0.036726
6.0086e+05,0.57041,0.036645
823,0.54245,0.035689
6.0043e+05,0,0.034838
3.0014e+05,0.80065,0.034661
3.0006e+05,0.33837,0.033462
6.0008e+05,0.71698,0.033416
6.005e+05,0.5497,0.032467
6.0018e+05,0.23577,0.031911
2098,0.56749,0.03128
6.0082e+05,0.58836,0.03056
2338,0.66752,0.030364
2054,0.57535,0.02976
2674,1,0.028614
3.0003e+05,0.8108,0.028266
2509,0.34582,0.028142
2414,0.52282,0.027562
6.0071e+05,0.57815,0.027308
677,0.59665,0.026509
2420,0.57014,0.024873
6.0067e+05,0.82993,0.024197
2170,0.76682,0.023327
6.0053e+05,0.27995,0.022924
6.0077e+05,0.30547,0.021237
2059,0.46746,0.020737
6.0046e+05,0.83898,0.019911
430,0.13782,0.019875
6.02e+05,0.52994,0.01933
6.01e+05,0.21715,0.019082
6.0083e+05,0.52819,0.018644
585,0.5619,0.018098
2457,0.54598,0.018088
3.0017e+05,0.31777,0.017752
3.0032e+05,0.6101,0.01693
89,0.22095,0.016456
2119,0.61945,0.01636
6.0053e+05,0.63612,0.016237
6.0042e+05,0.28364,0.01616
2408,0.21159,0.015562
6.0099e+05,0.75434,0.015156
3.001e+05,0.27526,0.014823
3.0003e+05,0.49649,0.01422
3.0032e+05,0.26426,0.014155
3.0019e+05,0.51471,0.013715
6.0179e+05,0.56604,0.013052
3.0033e+05,0.58866,0.012843
6.006e+05,0.38659,0.012608
3.0003e+05,0.67297,0.012529
2433,0.24519,0.010922
2389,0.55572,0.01087
504,0.57424,0.010731
582,0.64115,0.0089663
2601,0.20967,0.0072535
6.0077e+05,0,0.0039937
6.0019e+05,0.6525,0.001974
6.0074e+05,0.3083,0.0019365
6.0337e+05,0.42616,0.00081033
958,0.51491,-9.1657e-05
2633,0.74407,-0.00058925
3.0036e+05,0.53994,-0.00069068
2530,0.54248,-0.0011
3.002e+05,0.53756,-0.0029803
6.005e+05,0.53088,-0.003286
6.0025e+05,0.57117,-0.0036132
96,0.24918,-0.0036901
623,0.54323,-0.0040835
2041,0.20892,-0.0043255
2423,0.5896,-0.0043662
6.0033e+05,0.53427,-0.0047253
2108,0.47494,-0.0052636
2689,0.60964,-0.0058606
2527,1,-0.011538
2274,0.34468,-0.012197
3.0021e+05,0.27593,-0.012632
6.0161e+05,0.53012,-0.015341
6.0085e+05,0.3218,-0.017859
6.0039e+05,0.82782,-0.018225
6.0053e+05,0.22877,-0.018469
2236,0.14659,-0.020438
2044,0.49076,-0.020895
6.0012e+05,0.52618,-0.022215
597,0.26244,-0.023758
6.0066e+05,0.26034,-0.024922
2555,0.7478,-0.025153
6.0029e+05,0.59104,-0.026259
6.0082e+05,0.22213,-0.026437
6.0313e+05,0.26357,-0.02667
2561,0.58611,-0.027173
2630,0.53257,-0.02957
2643,0.50401,-0.030699
69,0.29472,-0.030808
6.0076e+05,0.30206,-0.031467
2442,0.67655,-0.032701
6.007e+05,0.26639,-0.033203
6.0059e+05,0.31889,-0.034384
6.0036e+05,0.58597,-0.035436
2324,0.78772,-0.036196
6.0033e+05,0.58889,-0.036957
2102,0.040674,-0.037854
2608,0.64682,-0.039592
2341,0.38353,-0.040785
6.0021e+05,0.30364,-0.042633
2386,0.26369,-0.042733
2587,0.27345,-0.042933
656,0.57324,-0.043927
3.0030e+05,0.31187,-0.044564
2042,0.56354,-0.045527
3.001e+05,0.49503,-0.046503
6.008e+05,0.32549,-0.046771
3.0029e+05,0.73465,-0.047571
6.0069e+05,0.55699,-0.047628
3.0026e+05,0.48729,-0.048011
510,0.38505,-0.048255
2628,0.42557,-0.048811
6.002e+05,0.31081,-0.049446
830,0.52757,-0.049742
501,0.20414,-0.050181
2234,0.26101,-0.050588
3.0008e+05,0.56892,-0.050658
997,0.3669,-0.051799
6.0064e+05,0.80538,-0.051803
2039,0.56742,-0.05267
3.0021e+05,0.59601,-0.054352
897,0.80491,-0.055073
6.0002e+05,0.50642,-0.057041
2564,0.8488,-0.057335
3.0008e+05,0.18429,-0.057939
6.0070e+05,0.64374,-0.057955
6.0031e+05,0.64739,-0.058465
678,0.55025,-0.05921
2074,0.28033,-0.059392
6.002e+05,0.56114,-0.061138
3.0018e+05,0.33475,-0.061334
6.0069e+05,0.57069,-0.061811
6.0097e+05,0.44312,-0.062005
6.0071e+05,0.50131,-0.062012
2217,0.83607,-0.062103
6.0005e+05,0,-0.062543
6.0122e+05,0.81495,-0.062683
2377,0.16557,-0.064203
6.0067e+05,0.81375,-0.064992
2427,0.39697,-0.06505
2049,0.28474,-0.067252
61,0.22287,-0.068355
32,0.88716,-0.068606
6.0109e+05,0.84631,-0.070373
6.0029e+05,0.67371,-0.070698
3.0006e+05,0.61879,-0.072993
2040,0.548,-0.073424
2640,0.57689,-0.073682
6.0071e+05,0.19188,-0.074556
567,0.26279,-0.075013
6.0089e+05,0.51392,-0.07607
6.0017e+05,0.64437,-0.076266
852,0.53055,-0.07646
758,0.5436,-0.076491
3.0028e+05,0.38563,-0.078203
3.0026e+05,0.19815,-0.078763
3.0033e+05,0.91168,-0.079704
3.0001e+05,0.6569,-0.080364
6.0029e+05,0.50434,-0.081181
3.0014e+05,0.58797,-0.081202
725,0.58853,-0.081237
6.0112e+05,0.5205,-0.082622
2046,0.52775,-0.083326
927,0.59216,-0.085681
6.0101e+05,0,-0.087589
6.0053e+05,0.54342,-0.087638
3.0028e+05,0.5435,-0.088467
3.003e+05,0.20824,-0.089393
978,0.54697,-0.090267
6.0041e+05,0.52889,-0.092545
3.0013e+05,0.68573,-0.093614
3.0014e+05,0.60967,-0.093952
6.0044e+05,0.53698,-0.094651
2650,0.66649,-0.094705
2326,0.64952,-0.096539
6.0027e+05,0.53327,-0.098492
6.0084e+05,0.55161,-0.098979
6.0188e+05,0.39304,-0.099927
2013,0.51549,-0.10221
2629,0.1185,-0.10362
2250,0.30599,-0.10411
2578,0.47321,-0.10523
2030,0.88873,-0.10534
6.0062e+05,0.56071,-0.1058
6.0003e+05,0.32903,-0.10676
6.001e+05,0.2428,-0.11048
617,0.25657,-0.11171
6.0011e+05,0.41736,-0.11672
797,0.28738,-0.11765
150,0.8427,-0.11792
2575,0.41922,-0.11918
2009,0.58255,-0.12064
6.0086e+05,0.50296,-0.12209
6.008e+05,0.52251,-0.12376
6.0077e+05,0.6213,-0.12688
2372,0.54152,-0.12689
590,0.33848,-0.12797
6.0032e+05,0.22618,-0.1284
505,0.57707,-0.12941
6.0028e+05,0.61291,-0.12944
2299,0.51088,-0.12961
635,0.57494,-0.12993
6.0009e+05,0.86946,-0.13018
3.0024e+05,0.86716,-0.13044
6.0068e+05,0.71357,-0.13079
2125,0.83733,-0.13256
2122,0.30045,-0.13363
6.0058e+05,0.51156,-0.135
3.0007e+05,0.5062,-0.13519
3.0019e+05,0.57189,-0.1355
6.0024e+05,0.25641,-0.13974
3.0014e+05,0.49558,-0.1422
2454,0.25868,-0.14294
2348,0.81431,-0.14327
6.0078e+05,0,-0.14437
534,0.66491,-0.14523
3.0005e+05,0.52134,-0.14589
413,0.91765,-0.1459
2422,0.62033,-0.14619
6.0053e+05,0.56112,-0.14677
905,0.85802,-0.14699
729,0.52938,-0.14784
6.0072e+05,0.56647,-0.1492
2635,0.66657,-0.14926
6.0078e+05,0.92906,-0.14944
2052,0.39092,-0.14967
6.0064e+05,0.62599,-0.15016
3.0002e+05,0.23534,-0.15227
6.0083e+05,0.56287,-0.15254
659,0.76092,-0.15322
6.0056e+05,0.73782,-0.15637
6.007e+05,0.81229,-0.15759
6.0063e+05,0.40341,-0.15813
2639,0.90347,-0.15852
957,0.55487,-0.15854
2340,0.23077,-0.15913
6.0031e+05,0.448,-0.15938
3.0016e+05,0.57691,-0.15981
860,0.39015,-0.16156
6.009e+05,0.66043,-0.16164
6.0062e+05,0.25459,-0.16201
6.0038e+05,0.51751,-0.16362
6.0022e+05,0.53399,-0.16677
9,0.54185,-0.16761
3.0031e+05,0.37494,-0.16765
636,0.30621,-0.16826
6.0041e+05,0.54542,-0.16829
3e+05,0.47756,-0.16924
6.0066e+05,0.56688,-0.17002
922,0.76499,-0.17114
6.0046e+05,0.55587,-0.1717
593,0.56552,-0.17175
3e+05,0.24055,-0.17376
6.0078e+05,0.30939,-0.17401
2239,0.2121,-0.17438
2699,0.73526,-0.17468
6.0048e+05,0.65491,-0.1755
778,1,-0.17656
6.0036e+05,0.64276,-0.17888
691,0.62569,-0.18026
2131,0.75393,-0.18241
6.0022e+05,0.83334,-0.18368
3.0022e+05,0.8378,-0.18714
6.0129e+05,0.31858,-0.18748
2285,0.60442,-0.18806
2605,0.80264,-0.19034
2300,0.25615,-0.19075
2458,0.86855,-0.19076
6.0038e+05,0.56183,-0.19172
3.002e+05,0.55867,-0.19241
6.002e+05,0.55445,-0.19361
6.0082e+05,0.59716,-0.19417
6.0018e+05,0.60941,-0.19427
6.0042e+05,0.37584,-0.19438
2658,0.81187,-0.19622
3.0025e+05,0.29524,-0.19714
6.0062e+05,0.59595,-0.19838
6.0081e+05,0.56478,-0.20081
3.0025e+05,0.52911,-0.20145
6.0069e+05,0.17063,-0.20219
3.0005e+05,0.70667,-0.20252
890,0.53013,-0.20277
525,0.61019,-0.20287
6.0032e+05,0.42825,-0.20397
26,0.54401,-0.20529
2487,0.54637,-0.20545
6.0041e+05,1,-0.20597
2248,0.33305,-0.20813
2656,0.60273,-0.20843
417,0.54551,-0.20952
876,0.57695,-0.20976
603,0.97325,-0.20977
2066,0.61118,-0.21023
2464,0.50806,-0.21089
697,0.56832,-0.21152
6.0042e+05,0.87895,-0.2121
6.0025e+05,0.41755,-0.21277
3.0001e+05,0.90129,-0.21319
3.0022e+05,0.38649,-0.2165
3.0034e+05,0.8141,-0.21748
6.007e+05,0.21747,-0.21822
6.001e+05,1,-0.21872
2539,0.54618,-0.21913
2259,0.5559,-0.22059
2363,0.80199,-0.2206
2429,0.91056,-0.22178
2328,0.84686,-0.22307
2132,0.28592,-0.22397
2520,0.61863,-0.22401
2164,0.26311,-0.22419
3.0016e+05,0.40585,-0.2245
786,0.5364,-0.22516
2419,0.78935,-0.22517
6.0033e+05,0.82636,-0.22569
6.0006e+05,0.53223,-0.22748
929,0.4837,-0.22755
6.0022e+05,0.25219,-0.22789
6.0039e+05,0.70038,-0.22964
3.0006e+05,0.6123,-0.23008
2048,0.5576,-0.23014
514,0.83319,-0.23109
6.0099e+05,0.60791,-0.23167
2142,0.59704,-0.23175
6.0111e+05,0.28282,-0.23311
2145,0.63685,-0.23323
3.0009e+05,0,-0.23342
2480,0.52917,-0.23361
6.0004e+05,0.49084,-0.23514
6.0029e+05,0.59765,-0.23693
2401,0.19718,-0.23861
2166,0.46319,-0.23888
6.0068e+05,0.53131,-0.24101
968,0.23285,-0.24137
899,0.24228,-0.24154
6.0065e+05,0.51818,-0.24165
6.0118e+05,0.63552,-0.24201
6.0073e+05,0.69041,-0.24208
6.009e+05,0.70631,-0.24242
953,0.61526,-0.24346
732,0.58341,-0.24465
3.0034e+05,0.66325,-0.24523
2323,0.6236,-0.24617
2228,0,-0.24681
3.0012e+05,0.23063,-0.24742
6.0010e+05,0.64226,-0.25043
3.0029e+05,0.63024,-0.25077
2579,0.27078,-0.25084
877,0.27438,-0.2516
3.0014e+05,0,-0.25245
939,0.63022,-0.2528
933,0.5006,-0.25406
6.0068e+05,0.34863,-0.25503
6.0067e+05,0.56122,-0.25523
6.0100e+05,0.88432,-0.25579
3.0019e+05,0.27263,-0.2598
6.0075e+05,0.46323,-0.26061
6.0086e+05,0.55637,-0.26074
2289,0.34385,-0.26119
6.0085e+05,0.80492,-0.2636
10,0.9379,-0.26422
6.0121e+05,0.80602,-0.26432
3.0023e+05,0.29901,-0.26465
6.0066e+05,0.62735,-0.26559
815,0.77817,-0.26741
2271,0.25587,-0.26828
6.0017e+05,0.63658,-0.26835
2407,0.20241,-0.26847
2037,0.52518,-0.26848
2690,0.87011,-0.26986
2646,0.59764,-0.27299
6.0031e+05,0.57119,-0.27319
2486,0.52469,-0.27394
6.0026e+05,0.78283,-0.27425
523,0.2575,-0.27545
6.0067e+05,0.82359,-0.27605
3.0028e+05,0.78892,-0.27625
2627,0.31531,-0.27632
6.0072e+05,0.58585,-0.27781
2116,0.5584,-0.27806
858,0.46589,-0.27899
6.0015e+05,0.89851,-0.28049
6.0199e+05,0.29725,-0.28092
2572,0.30217,-0.28109
2171,0.5509,-0.28235
2369,0.62084,-0.2824
6.0173e+05,0.85061,-0.28274
2521,0.24592,-0.28585
2679,0,-0.28677
6.0016e+05,0.91645,-0.28751
792,0.20682,-0.28828
6.0015e+05,0.50124,-0.28873
2513,0.73752,-0.29074
6.0083e+05,0.37243,-0.29126
6.03e+05,0.65062,-0.29144
2533,0.53077,-0.29145
718,0.52026,-0.29147
2267,0.55382,-0.29406
2675,0.37752,-0.2942
3.0005e+05,0,-0.29424
6.0134e+05,0.84106,-0.2947
2448,0.55567,-0.29961
423,0.83322,-0.30138
2172,0.44815,-0.3019
6.0083e+05,0.68417,-0.30242
759,0.20418,-0.30418
2351,0.89244,-0.30437
881,0.53136,-0.30539
2266,0.82294,-0.30575
2280,1,-0.30591
6.0062e+05,0,-0.30693
100,0.23385,-0.30715
702,0.86573,-0.30721
2281,0.28542,-0.30771
2576,0.73554,-0.30828
2610,0.59877,-0.30991
731,0.60972,-0.3107
6.016e+05,0.56237,-0.3113
2478,0.68803,-0.3123
6.0111e+05,0.5192,-0.31267
3.0012e+05,0.58245,-0.31428
2397,1,-0.3143
6.0199e+05,0.67881,-0.31468
6.0049e+05,0.87701,-0.31541
6.02e+05,0.83814,-0.31572
2256,0.54677,-0.31575
2395,0.25848,-0.31603
6.0074e+05,0.63715,-0.3161
2364,0.86381,-0.31696
2128,0.85519,-0.31999
589,0.60048,-0.32036
6.01e+05,0.60672,-0.32091
3.0014e+05,0.79916,-0.32123
6.0061e+05,0.31764,-0.3217
6.0152e+05,0.27691,-0.32195
6.0317e+05,0.89355,-0.32299
2205,0.75428,-0.32345
2459,0.35794,-0.32361
2111,0.60979,-0.32378
6.0027e+05,0.2479,-0.32453
3.0035e+05,0.58468,-0.32542
2218,0.24568,-0.32673
6.0087e+05,0.90437,-0.32759
6.0106e+05,0.75591,-0.32878
6.0051e+05,0.59263,-0.32919
6.0073e+05,0.4655,-0.33076
6.0015e+05,0.64716,-0.33097
2378,0.59676,-0.33131
3.0002e+05,0.81084,-0.33152
2090,0.78574,-0.33177
6.0118e+05,0.32174,-0.33375
6.0182e+05,0.27714,-0.33412
2430,0.25553,-0.33468
6.0028e+05,0.81319,-0.33656
3.0022e+05,0.89049,-0.33689
2437,0.30669,-0.33764
903,0.80549,-0.3399
3.0024e+05,0.79515,-0.34113
6.0089e+05,0.25665,-0.34139
42,0.076706,-0.3423
6.01e+05,0.58282,-0.34309
6.0052e+05,0.54445,-0.34328
2062,0.48464,-0.34359
151,0,-0.34386
2600,0.47696,-0.34414
6.0052e+05,0.65718,-0.34455
6.0073e+05,0.68864,-0.34585
2265,0.61631,-0.34846
594,0.98151,-0.34854
6.0035e+05,0.84248,-0.34864
6.0002e+05,0.54142,-0.34896
426,0.27347,-0.34923
2506,0.80065,-0.34966
3.0021e+05,0.28798,-0.35094
6.0063e+05,0.031618,-0.35129
530,0.84799,-0.35149
6.0047e+05,0.56205,-0.35186
3.0033e+05,0.79841,-0.35192
3.0027e+05,0.5171,-0.35218
6.0101e+05,0.54408,-0.35221
6.0081e+05,0.91996,-0.35544
6.0056e+05,0.56399,-0.35856
6.0046e+05,0.26934,-0.36001
6.0089e+05,0.65684,-0.36008
2531,0.67073,-0.36012
812,0.53589,-0.36091
6.0138e+05,0.32489,-0.3616
6.0046e+05,0.24603,-0.36168
2071,0.88953,-0.36256
888,0.57179,-0.36274
3.0031e+05,0.71749,-0.36373
967,0.83482,-0.36463
2268,0,-0.36473
2283,0.58745,-0.36613
6.018e+05,0.44663,-0.36656
6.0024e+05,0.50235,-0.36754
6.0111e+05,0.85113,-0.36767
2193,0.68598,-0.36769
2157,0.89304,-0.36907
2148,0.82143,-0.36977
6.0003e+05,0.74274,-0.37111
3.0023e+05,0.3053,-0.37156
2029,0.65694,-0.37433
6.0075e+05,0.79027,-0.3744
6.0089e+05,0.60741,-0.37497
2016,0.8654,-0.37591
3.0027e+05,0.85457,-0.37705
6.0084e+05,0.8352,-0.37804
2140,0.25968,-0.37888
6.0082e+05,0.90838,-0.37906
6.007e+05,1,-0.38014
6.0073e+05,0.26513,-0.38119
3.0034e+05,0.49402,-0.38179
6.0024e+05,0.8605,-0.38305
3.0032e+05,0.64299,-0.38473
6.0014e+05,0.7893,-0.38543
2571,0.58299,-0.38637
2668,0.53236,-0.38718
2096,0.8543,-0.38719
3.003e+05,0.84936,-0.38754
6.03e+05,0.68148,-0.38868
6.0032e+05,0.73353,-0.38918
6.0063e+05,0.99033,-0.39184
2060,0.79254,-0.39243
6.008e+05,0.70849,-0.39288
6.0031e+05,0.641,-0.39312
931,0.3052,-0.39378
777,0.58085,-0.40111
811,0.59286,-0.40279
6.0038e+05,0.30215,-0.40317
2452,0.61561,-0.40328
6.0057e+05,0.55533,-0.40454
557,0.33817,-0.4048
912,0.55409,-0.40529
2518,0.23728,-0.40637
596,0.57179,-0.40677
591,0.59195,-0.40762
952,0.60125,-0.40871
524,0.36364,-0.40908
6.0066e+05,0.85672,-0.40935
6.0004e+05,0.62433,-0.40956
6.0038e+05,0.62779,-0.41332
985,0.63314,-0.41355
6.0098e+05,0.76021,-0.41363
3.0022e+05,0.23626,-0.41403
2558,0.18268,-0.41723
6.0038e+05,0.26665,-0.42012
3.0035e+05,1,-0.4217
6.0103e+05,0.91569,-0.42265
6.0000e+05,0.65356,-0.42311
6.0064e+05,0.58303,-0.42327
2550,0.51955,-0.42342
338,0.59751,-0.42493
2682,0.59133,-0.42653
6.0073e+05,0.63119,-0.42811
2222,0.6842,-0.43005
6.0172e+05,0.62178,-0.43024
6.0001e+05,0.63615,-0.43225
6.0058e+05,0.61067,-0.43267
3.0017e+05,0.31794,-0.43391
3.0034e+05,0.64208,-0.43592
6.0004e+05,0.20405,-0.43593
6.0097e+05,0.86107,-0.43596
776,0.79399,-0.43614
6.004e+05,0.54005,-0.4365
3.0004e+05,0.76303,-0.43962
6.004e+05,0.64726,-0.44095
810,0.57234,-0.44117
36,0.55499,-0.44129
6.0082e+05,0.67745,-0.44203
2152,0.54562,-0.44484
6.0016e+05,0.16416,-0.44592
3.0026e+05,0.33248,-0.44612
6.0192e+05,0.83529,-0.44764
3.0035e+05,0.63969,-0.44799
2548,0.7203,-0.44948
6.0018e+05,0.88629,-0.44958
6.0089e+05,0.23491,-0.4504
6.0019e+05,0.72447,-0.45217
3.0003e+05,0.58181,-0.45287
6.0083e+05,0.22505,-0.45368
998,0.90327,-0.45406
2130,0.57109,-0.45619
6.0196e+05,0.56846,-0.4586
22,0.61378,-0.46121
16,0.79057,-0.46321
6.0078e+05,0.90503,-0.46457
2370,0.56287,-0.46482
2008,0.51489,-0.46547
3.0012e+05,0.64352,-0.46662
536,0.79263,-0.46827
2703,0.76114,-0.46832
2510,1,-0.46909
3.0021e+05,0.60003,-0.4702
3.0034e+05,0.69901,-0.47114
2516,0.86444,-0.47302
6.006e+05,0.60434,-0.475
592,0.53805,-0.47597
6.0032e+05,0.56949,-0.47688
6.0177e+05,1,-0.47696
2694,0.27659,-0.47821
712,0.69307,-0.47938
558,0.61503,-0.48009
6.008e+05,0.92644,-0.48189
900,0.31492,-0.48341
6.0005e+05,0.57346,-0.48389
6.0038e+05,0.32851,-0.48401
6.0038e+05,0.25793,-0.48404
2403,0.8575,-0.48478
2337,0.65784,-0.48555
6.0003e+05,0.32781,-0.48853
2296,0.5851,-0.48865
3.0025e+05,0.56577,-0.49044
6.0045e+05,0.87639,-0.49048
990,0.5478,-0.49114
2311,0.64368,-0.4918
850,0.55787,-0.4923
40,1,-0.49253
3.0033e+05,0.26225,-0.49329
638,0.30085,-0.4936
2367,0.74104,-0.49434
6.0001e+05,0.55018,-0.49485
2159,0.68709,-0.49514
680,0.51517,-0.49545
6.0079e+05,0.30967,-0.49554
6.0117e+05,0.82671,-0.49557
6.01e+05,0.66406,-0.49574
3.001e+05,0.58505,-0.49575
3.0014e+05,0.56281,-0.4965
6.0017e+05,0.84957,-0.49793
6.0157e+05,0.5571,-0.49796
959,0.62385,-0.49846
6.0072e+05,0.59194,-0.49887
6.008e+05,0.78885,-0.49902
2156,0.55288,-0.49926
2139,0.57315,-0.50175
2400,0.55715,-0.50218
6.009e+05,0.57607,-0.50345
6.0074e+05,0.60269,-0.50403
6.003e+05,0.61539,-0.50465
816,0,-0.50504
546,0.87778,-0.50566
2043,0.57765,-0.50646
6.005e+05,0.68227,-0.50653
2050,0.79045,-0.507
2636,0.82255,-0.50757
6.0131e+05,0.84606,-0.50805
3.0028e+05,0.76129,-0.50894
3.0013e+05,0.58379,-0.50934
155,0.83682,-0.50994
2687,0.92646,-0.51174
2494,0.86851,-0.51275
6.0029e+05,0.84846,-0.5139
679,0.83141,-0.51455
2418,0.44363,-0.5148
6.006e+05,0.63841,-0.51562
6.0059e+05,0.79629,-0.51763
6.0026e+05,0.54807,-0.51806
2232,0.61375,-0.51864
6.0193e+05,0.60812,-0.5189
6.0054e+05,0.3276,-0.51947
6.0007e+05,0.35858,-0.52045
6.0065e+05,0.63514,-0.52053
2201,0.56787,-0.52147
554,0.79929,-0.52304
6.0024e+05,0.82451,-0.52343
6.0152e+05,1,-0.52347
2529,0.8143,-0.52406
411,0.35434,-0.5244
2542,0.62463,-0.52455
6.0058e+05,0.29592,-0.52463
6.0133e+05,0.29341,-0.52536
6.0016e+05,0.6638,-0.52585
2684,0.3024,-0.5274
6.0098e+05,0.66701,-0.52757
6.0056e+05,1,-0.52946
2182,0.32226,-0.52983
6.0069e+05,0.60949,-0.53261
3e+05,0.8188,-0.53348
3.0026e+05,0.43852,-0.53456
6.006e+05,0.52572,-0.53583
2371,0.56255,-0.53622
6.0002e+05,0.60701,-0.5363
1896,0.67739,-0.53774
6.0071e+05,0.26943,-0.53799
6.0101e+05,0.62359,-0.53801
6.0005e+05,0.87231,-0.53819
988,0.86688,-0.53844
6.0187e+05,0.54917,-0.5387
6.0057e+05,0.5584,-0.53903
24,0.67713,-0.54007
2501,0.79366,-0.54035
518,0.39972,-0.54064
748,0.57465,-0.54148
6.0001e+05,0.53041,-0.54203
3.0017e+05,0.80133,-0.54312
6.0088e+05,0.51031,-0.54327
6.0087e+05,0.50556,-0.54332
620,0.50462,-0.54522
683,0.34915,-0.54546
3.0001e+05,0.41746,-0.5478
2376,0.87647,-0.54906
6.0065e+05,0.60755,-0.55079
3.0003e+05,0.49856,-0.55102
686,0.82062,-0.55119
2468,0.51872,-0.552
2498,0.73061,-0.55298
2685,0.39474,-0.55375
6.0134e+05,0.8201,-0.5552
2183,0.71879,-0.55616
6.007e+05,0.63613,-0.55621
6.0008e+05,0.65028,-0.55701
6.0069e+05,0.51289,-0.55731
6.0019e+05,0.65656,-0.55747
6.0002e+05,0.65278,-0.5603
2404,0.8287,-0.562
6.0009e+05,0.54974,-0.56208
516,0.30182,-0.56287
2366,0.90224,-0.56412
2597,0.83171,-0.56491
6.002e+05,0.84099,-0.56533
2278,0.34732,-0.56633
6.0009e+05,0.85234,-0.56636
2188,0.6209,-0.56808
2638,0.51164,-0.56825
6.0023e+05,0.36577,-0.56848
2567,0.65385,-0.56934
6.0052e+05,0.24695,-0.56951
918,0.37179,-0.5699
2115,0.90649,-0.57013
673,0.26025,-0.57187
878,0.76853,-0.57253
6.006e+05,0.78805,-0.57465
883,0.56248,-0.57547
6.0007e+05,0.83988,-0.57628
6.0089e+05,0.71269,-0.57644
6.004e+05,0.70474,-0.57685
6.0051e+05,0.52293,-0.57784
2321,0.57641,-0.57871
2645,0.60982,-0.57892
3.0019e+05,0.63147,-0.5795
6.0056e+05,0.28423,-0.57957
3.0029e+05,0.62063,-0.57961
762,0.83745,-0.58057
2078,0.88975,-0.58208
6.0021e+05,0.50106,-0.58219
698,0.62176,-0.58313
3.0012e+05,0.5962,-0.58326
39,0.47528,-0.58573
2517,0.88873,-0.58599
3.0022e+05,0.56856,-0.5865
6.0028e+05,0.59033,-0.58651
863,0.85934,-0.58772
2112,0.8515,-0.58887
6.0058e+05,0.58951,-0.58926
2100,0.64873,-0.58927
2196,0.56522,-0.58984
2317,0.212,-0.5907
2552,0.2844,-0.59302
78,0.6148,-0.59337
2388,0.54775,-0.59392
502,0.67564,-0.59551
6.0068e+05,0.58019,-0.59654
6.0018e+05,0.84308,-0.59725
6.0043e+05,0.50904,-0.59819
2245,0.5602,-0.59829
3.0026e+05,0.7951,-0.59889
2141,0.80583,-0.59916
965,0.76582,-0.59916
2482,0.89807,-0.60179
6.0081e+05,0.64486,-0.60179
3.001e+05,0.58675,-0.60202
2672,0.52162,-0.60262
6.0043e+05,0.34452,-0.60459
2541,0.63036,-0.6055
6.0057e+05,0.75478,-0.60698
6.0039e+05,1,-0.60759
2135,0.49077,-0.6098
619,0.54587,-0.61184
703,0.52572,-0.61206
728,0.83648,-0.61308
6.0045e+05,0.57752,-0.61503
6.007e+05,0.83967,-0.61518
6.0002e+05,0.49989,-0.61538
2240,0.32816,-0.6157
6.0078e+05,0.48507,-0.61665
2304,0.88106,-0.61865
3.0029e+05,0.62104,-0.61904
3.0031e+05,0.45328,-0.61952
6.0189e+05,0.6504,-0.61987
3.0029e+05,0.79189,-0.62183
3.0035e+05,0.59549,-0.62218
3.0016e+05,0.64031,-0.62382
3.0033e+05,0.7588,-0.62384
6.0073e+05,0.28079,-0.62391
6.0044e+05,0.57187,-0.62394
6.0076e+05,0.61679,-0.62406
882,0.42042,-0.62517
909,0.63276,-0.62562
595,0.23486,-0.62597
6.0192e+05,0.89636,-0.62883
3.0027e+05,0.54235,-0.63047
6.0087e+05,0.49446,-0.63074
2136,0.85799,-0.63079
6.0018e+05,0.53168,-0.63118
6.0018e+05,0.59569,-0.63152
2184,0.58634,-0.63165
6.0049e+05,0.26735,-0.63327
6.0051e+05,0.88552,-0.63354
6.0193e+05,0.90167,-0.63376
966,0.54902,-0.63461
2356,0.55232,-0.63662
2233,0.96035,-0.63777
2565,0.65596,-0.63797
719,0.77058,-0.63939
2584,0.63244,-0.64028
555,0.2836,-0.64067
6.0048e+05,0.52599,-0.64132
1696,0.305,-0.64257
6.0069e+05,0.89476,-0.64333
3.0020e+05,0.52055,-0.64476
2129,0.75277,-0.64499
6.0058e+05,0.63049,-0.64537
6.0035e+05,0.62507,-0.64578
2091,0.29774,-0.64617
6.0058e+05,0.77367,-0.64802
6.0178e+05,0.38051,-0.64836
936,0.87218,-0.64896
6.001e+05,0.59888,-0.65084
2415,0.75222,-0.65323
1,0.58228,-0.65377
6.0133e+05,0.85531,-0.65515
892,0.53836,-0.65534
6.0333e+05,0.3041,-0.65614
3.0018e+05,0.74288,-0.65785
6.0048e+05,0.61418,-0.65807
2574,0.79366,-0.65901
2005,0.87881,-0.65907
6.0101e+05,0,-0.65945
410,0.60126,-0.6596
6.0071e+05,1,-0.66291
7,0.62656,-0.66342
6.0074e+05,0.5396,-0.66386
6.0072e+05,0.81196,-0.66396
2083,0.62504,-0.66417
3.0013e+05,0.73472,-0.66526
2269,0.61151,-0.66634
2160,0.8976,-0.66703
3.003e+05,0.55208,-0.66748
6.0087e+05,0.90467,-0.6695
972,0.58394,-0.67021
6.0179e+05,0.91979,-0.67023
2146,0.53916,-0.67035
2302,0.54158,-0.6706
3.0031e+05,0.68861,-0.67159
2417,0.87893,-0.67236
610,0.57988,-0.6727
159,0.86124,-0.67295
2253,0.53121,-0.6741
813,0.89046,-0.67546
6.0075e+05,0.87498,-0.67666
6.0025e+05,0.59946,-0.67671
901,0.62284,-0.67809
6.0096e+05,0.56993,-0.67829
6.0021e+05,0.29201,-0.67896
2617,1,-0.68004
2051,0.62089,-0.68141
6.0001e+05,0.88165,-0.68327
3.0019e+05,0.83779,-0.68344
540,0.6203,-0.68365
6.0024e+05,0.30715,-0.68393
6.0044e+05,0.36039,-0.68419
6.008e+05,0.48338,-0.68447
2173,0.90096,-0.68478
6.0061e+05,0.58303,-0.68712
6.0056e+05,0.32608,-0.68969
6.0065e+05,0.49447,-0.69064
2177,1,-0.69188
3.001e+05,0.58468,-0.69274
6.0012e+05,0.89226,-0.69425
2622,0.30199,-0.69497
996,0.59592,-0.6957
539,0.31825,-0.69736
6.0037e+05,0.53897,-0.70066
2055,0.86439,-0.70082
723,0.59452,-0.70224
2661,0.84396,-0.70347
2176,0.34256,-0.70487
20,0.31566,-0.70688
6.0054e+05,0.95219,-0.70757
6.0033e+05,0.27437,-0.70893
6.003e+05,0.078029,-0.70946
6.004e+05,0.70092,-0.70964
951,0.86163,-0.71025
6.0007e+05,0.61108,-0.7131
2121,0.92154,-0.71312
948,0.82062,-0.71514
6.005e+05,0.57876,-0.71527
2123,0.85849,-0.71539
928,0.61813,-0.71566
2678,0.59141,-0.71625
6.0074e+05,0.72488,-0.71642
3.0008e+05,0.70161,-0.71649
2070,0.73175,-0.71665
2538,0.591,-0.71681
6.0084e+05,0.34741,-0.71788
55,0.84316,-0.71809
18,1,-0.71826
6.0007e+05,0.74334,-0.71918
2413,0.77895,-0.72111
708,0.66205,-0.72158
6.0161e+05,0.87085,-0.72174
628,0.58319,-0.72186
3.0022e+05,0.92399,-0.723
3.0004e+05,0.73681,-0.72334
2086,0.82241,-0.72361
3.0003e+05,0.61361,-0.72449
2110,0.93847,-0.72543
6.0167e+05,0.86697,-0.72572
3.0033e+05,0.54987,-0.72588
2027,0.94821,-0.72612
2290,0.57483,-0.72622
3.003e+05,1,-0.72641
611,0.44127,-0.72677
915,0.54247,-0.72678
6.018e+05,0.59224,-0.72763
963,0.63125,-0.72786
60,0.043567,-0.72821
2254,0.54208,-0.72826
2559,0.59409,-0.72832
6.0026e+05,0.57378,-0.72848
2237,0.54061,-0.72923
821,0.86085,-0.72976
6.0116e+05,0.32225,-0.73279
3.003e+05,0.67141,-0.73309
2606,0.33603,-0.73347
3.0018e+05,0.85239,-0.73615
6.0033e+05,0.68424,-0.73629
156,0.88612,-0.73663
6.0096e+05,0.59806,-0.73756
6.0028e+05,0.76362,-0.73779
2438,0.87449,-0.73851
6.0006e+05,0.62468,-0.7389
6.0139e+05,0.60536,-0.73895
6.0052e+05,0.56726,-0.73912
6.0032e+05,0.54322,-0.73935
2058,0.58966,-0.74002
962,0.59127,-0.74014
3.0009e+05,0.72748,-0.74267
6.0051e+05,0.75084,-0.74493
6.004e+05,0.61506,-0.74697
2207,0.63332,-0.74895
6.0068e+05,0.8655,-0.74937
6.0186e+05,0.92642,-0.74942
6.0088e+05,0.64748,-0.74983
48,0.38047,-0.74984
6.019e+05,1,-0.75054
2471,0.64822,-0.75107
6.0036e+05,0.60325,-0.75127
3.0023e+05,0.66717,-0.75181
21,0.60626,-0.752
6.03e+05,0.30257,-0.75242
6.0088e+05,0.52481,-0.75342
6.0023e+05,0.50192,-0.75345
707,1,-0.75368
6.016e+05,0.49063,-0.75434
6.0061e+05,1,-0.75463
2161,0.56499,-0.75464
6.0048e+05,0.53785,-0.75481
807,0.26464,-0.75485
3.0023e+05,0.59719,-0.75538
6.0068e+05,0.87131,-0.7561
6.0042e+05,0.98239,-0.75642
2470,0.79563,-0.75679
2523,0.62223,-0.75694
6.0199e+05,0.87935,-0.75759
790,0.65587,-0.75829
2412,0.81952,-0.75835
3.0009e+05,0.83261,-0.75835
6.0082e+05,0.33098,-0.75963
6.0079e+05,0.68378,-0.76046
859,0.8756,-0.76051
6.0058e+05,0.63626,-0.76096
2609,0.43328,-0.76099
2032,0.38586,-0.76164
3.0016e+05,0.77443,-0.76304
982,0.6447,-0.76386
6.0064e+05,0.87625,-0.76394
3.0011e+05,0.84553,-0.76545
6.0162e+05,0.64347,-0.76571
6.0087e+05,0.81702,-0.76694
2495,0.8946,-0.76767
6.0086e+05,0.56749,-0.77005
6.0057e+05,0.89209,-0.77101
6.0051e+05,0.68003,-0.7715
6.013e+05,1,-0.77164
6.0167e+05,0.87941,-0.77198
3.002e+05,0.49418,-0.77213
667,0.62063,-0.77228
2104,1,-0.77441
2466,0.59329,-0.77597
6.0071e+05,0.61292,-0.77724
2162,0.37281,-0.77808
6.0033e+05,0.5848,-0.77914
709,0.55861,-0.77924
3.0022e+05,0.55469,-0.77996
6.0072e+05,0.59848,-0.78001
2391,0.61685,-0.78028
902,0.97759,-0.7821
2385,1,-0.78272
6.0098e+05,1,-0.78286
2488,0.51079,-0.78359
3.0008e+05,0.53176,-0.78481
6.01e+05,0.86346,-0.78483
3.0011e+05,0.61575,-0.78542
6.0027e+05,0.63436,-0.78675
2163,0.4463,-0.78843
6.0083e+05,0.59674,-0.78873
886,0.8463,-0.78894
650,0.28713,-0.78958
550,0.44695,-0.79124
3.0010e+05,0.39347,-0.79164
3.0024e+05,1,-0.79256
880,0.64003,-0.79322
960,0.61484,-0.7933
780,0.56848,-0.79381
981,0.90079,-0.79405
6.0075e+05,0.64105,-0.79477
3.0005e+05,0.74625,-0.79607
6.0084e+05,0.35947,-0.79628
6.0123e+05,0.57992,-0.79655
2137,0.59527,-0.79876
6.007e+05,0.62234,-0.80038
6.0064e+05,0.91192,-0.80131
2151,0.64926,-0.80152
2405,1,-0.80188
2308,0.74016,-0.80302
6.0052e+05,0.68947,-0.80438
3.003e+05,0.88794,-0.80554
692,0.43101,-0.80678
560,0.50408,-0.80695
3.0032e+05,0.51247,-0.80761
2560,0.92889,-0.80769
2484,0.35013,-0.80777
690,0.59903,-0.80786
6.0026e+05,0.65646,-0.80807
3.0011e+05,0.8871,-0.80828
552,0.57656,-0.80845
5,0.56305,-0.81019
59,1,-0.81074
6.0058e+05,0.55089,-0.81087
3.0004e+05,0.9129,-0.81141
6.019e+05,0.60977,-0.81157
2342,0.81878,-0.8125
6.0028e+05,0.60938,-0.81275
43,0.58246,-0.81331
3.0002e+05,0.76717,-0.81536
50,0.47052,-0.81596
2226,0.76848,-0.81632
2012,1,-0.81672
6.0032e+05,0.037805,-0.81689
3.0027e+05,0.33711,-0.81747
6.0014e+05,0.96176,-0.81779
3.0011e+05,0.35384,-0.81798
2543,0.36601,-0.8188
6.0044e+05,0.62603,-0.81892
6.0026e+05,0.60135,-0.81992
6.0126e+05,0.59712,-0.82035
420,0.44115,-0.82056
6.0137e+05,0.5655,-0.82074
2434,0.55563,-0.82118
6.01e+05,0.047294,-0.82164
800,0.85183,-0.82287
2221,0.49744,-0.82362
6.0009e+05,0.66293,-0.82368
2503,0.92239,-0.8239
701,0.77476,-0.82689
2390,0.71214,-0.82713
6.0048e+05,0.59698,-0.82714
6.006e+05,0.67105,-0.82808
806,0.80144,-0.82823
3.0016e+05,0.97513,-0.82914
818,1,-0.8293
2036,0.2598,-0.83105
3.0013e+05,0.64012,-0.8318
2362,0.83887,-0.83312
2021,0.8586,-0.83565
2359,0.54204,-0.83828
6.0006e+05,0.38982,-0.83918
6.0003e+05,0.8683,-0.84033
6.0064e+05,0.72503,-0.84118
6.0081e+05,0.63837,-0.84194
6.0023e+05,0.6945,-0.84238
6.0063e+05,0.47987,-0.84339
2127,0.6993,-0.84567
6.0084e+05,0.67859,-0.84635
3.0024e+05,0.86382,-0.84656
6.0062e+05,0.66922,-0.84822
6.0069e+05,0.4187,-0.84862
6.0052e+05,0.32821,-0.84929
2648,0.39232,-0.84955
885,0.32903,-0.85014
6.0122e+05,0.62105,-0.85165
3.0022e+05,0.86438,-0.85174
6.0039e+05,0.56841,-0.8521
6.0055e+05,0.66706,-0.85368
3.003e+05,0.25173,-0.85428
3.0015e+05,0.62558,-0.85479
2681,0.48319,-0.85521
2502,0.87722,-0.8555
3.0032e+05,1,-0.85631
6.0008e+05,0.6251,-0.85634
2644,0.85525,-0.85749
6.0030e+05,0.292,-0.85835
3.0032e+05,0.79248,-0.85938
6.0034e+05,0.38427,-0.85945
6.0112e+05,0.34527,-0.86211
2665,0.58428,-0.86356
6.0084e+05,0.89083,-0.86452
6.0087e+05,0.9019,-0.86456
2319,1,-0.86571
3.0006e+05,0.47217,-0.86583
2432,0.62694,-0.86614
676,0.62119,-0.86663
6.0194e+05,0.5687,-0.86822
3.002e+05,0.5863,-0.87202
3.0009e+05,0.58311,-0.87211
601,0.81506,-0.87219
2557,0.6788,-0.87279
3.001e+05,0.98923,-0.8749
34,1,-0.87532
6.0015e+05,0.98284,-0.87945
2586,0.56571,-0.8823
919,0.29782,-0.88246
157,0.79938,-0.88261
6.0072e+05,0.56811,-0.88338
6.0027e+05,0.53812,-0.88342
6.0076e+05,0.52058,-0.88355
507,0.50085,-0.88371
88,0.65519,-0.88395
3.0027e+05,0.7496,-0.88441
977,0.63374,-0.88452
6.0009e+05,0.61072,-0.88611
2264,0.78425,-0.88676
6.0085e+05,0.50802,-0.88706
6.0032e+05,0.89747,-0.88803
2594,0.61377,-0.88892
6.0104e+05,0.31958,-0.88922
2114,0.37922,-0.88929
429,0.53634,-0.8902
6.006e+05,0.94549,-0.89046
6.0078e+05,0.83681,-0.89287
6.0062e+05,0.8826,-0.89379
6.0013e+05,0.66261,-0.8964
796,0.40272,-0.89752
2244,0.31761,-0.89755
2344,0.66107,-0.89822
3.002e+05,0.67905,-0.89897
3.0004e+05,0.79498,-0.89949
6.0038e+05,0.81462,-0.90001
6.0011e+05,0.32299,-0.9002
2680,0.73211,-0.90037
626,1,-0.90101
526,0.46504,-0.90119
917,0.43361,-0.90133
6.003e+05,0.39146,-0.90194
608,0.54738,-0.90216
625,0.71368,-0.90294
6.0001e+05,0.64981,-0.90306
2512,0.64552,-0.90412
584,0.71946,-0.90414
2663,0.70521,-0.90455
6.0131e+05,0.59417,-0.90478
606,0.89316,-0.9049
2198,0.76722,-0.9057
2270,0.57355,-0.90612
2192,0.28982,-0.90838
3.0011e+05,1,-0.90979
3.0003e+05,0.57342,-0.90986
2602,0.67805,-0.91235
2293,0.5893,-0.91261
533,0.30016,-0.91282
3.0001e+05,0.31166,-0.91362
2428,0.63311,-0.91458
2273,0.94495,-0.91483
6.014e+05,0.69764,-0.9169
23,1,-0.91711
2255,1,-0.91711
6.0006e+05,0.64006,-0.9174
6.0097e+05,0.84014,-0.91845
6.0023e+05,0.95266,-0.91912
6.0124e+05,0.63469,-0.92063
6.001e+05,0.70257,-0.92143
2230,0.43572,-0.92186
2181,0.59903,-0.92397
6.0032e+05,0.85491,-0.92484
562,0.64837,-0.9259
6.0048e+05,0.68582,-0.92646
6.0119e+05,0.39673,-0.92658
2702,0.94152,-0.92784
2476,1,-0.92926
6.0008e+05,0.90124,-0.92947
605,0.70569,-0.93093
6.0058e+05,0.79927,-0.93115
2057,0.57728,-0.93147
6.0022e+05,1,-0.93391
2655,0.83284,-0.93926
2026,0.61176,-0.94082
6.0082e+05,0.28836,-0.94139
6.0049e+05,0.85386,-0.94251
6.0065e+05,0.78583,-0.94377
989,0.83245,-0.94485
3.0000e+05,0.58776,-0.94589
2426,0.7931,-0.94755
2165,0.66373,-0.94771
3.0017e+05,0.91376,-0.95024
976,0.57045,-0.95267
2191,0.71659,-0.95907
6.0015e+05,0.64402,-0.96399
3.003e+05,0.59628,-0.96559
3.0035e+05,0.89648,-0.97132
3.001e+05,0.7778,-0.97761
3.0008e+05,0.37592,-0.98063
6.0019e+05,0.71624,-0.98405
6.005e+05,0.63231,-0.9882
6.0049e+05,0.7647,-1.004
2467,0.33527,-1.0044
3.0008e+05,0.43719,-1.0132
2553,0.73986,-1.018
2384,0.25881,-1.0266
938,0.58969,-1.0316
509,0.96731,-1.033
979,0.36902,-1.0486
2200,0.56014,-1.053
6.0006e+05,0.51152,-1.0613
2251,0.81544,-1.0638
2595,0.50819,-1.084
6.0061e+05,0.45906,-1.0878
3.0033e+05,0.59118,-1.0907
2556,0.65619,-1.0974
3.0006e+05,0.43181,-1.109
2282,0.68776,-1.1188
3.0026e+05,0.96473,-1.1436
2061,0.79835,-1.1517
68,0,-1.194
33,1,-1.2081
6.0046e+05,0.056133,-1.2148
6.0013e+05,0.064952,-1.2211
2696,0.10957,-1.272
2641,0.021851,-1.318
2018,0.8681,-1.398
2491,0.58886,-1.5024
